Ngay,y_true,anchor,pred
2023-07-12,65716.5,64866.5,64867.0595026998
2023-07-19,65066.5,65716.5,65718.89411300115
2023-07-26,66616.5,65066.5,65069.751280833436
2023-08-02,67266.5,66616.5,66630.00167071591
2023-08-09,67466.5,67266.5,67249.15794515157
2023-08-16,65266.5,67466.5,67460.16114570797
2023-08-23,64416.5,65266.5,65273.20263452667
2023-08-30,65416.5,64416.5,64405.72952948459
2023-09-06,65616.5,65416.5,65413.95062894458
2023-09-13,65483.5,65616.5,65628.32518876031
2023-09-20,67566.5,65483.5,65468.67814015558
2023-09-27,66316.5,67566.5,67569.95059899251
2023-10-04,65066.5,66316.5,66311.63388548825
2023-10-11,63616.5,65066.5,65086.09184101573
2023-10-18,63816.5,63616.5,63620.48146183798
2023-10-25,60566.5,63816.5,63814.27436237858
2023-11-01,59166.5,60566.5,60304.4775950782
2023-11-08,57016.5,59166.5,59126.71676046187
2023-11-15,58816.5,57016.5,56589.49538210458
2023-11-22,57416.5,58816.5,58805.94653571374
2023-11-29,58316.5,57416.5,57459.987902257606
2023-12-06,59566.5,58316.5,58291.9543511785
2023-12-13,63366.5,59566.5,59530.68140563299
2023-12-20,68016.5,63366.5,63212.58200785721
2023-12-27,67566.5,68016.5,67964.62288117483
2024-01-03,67716.5,67566.5,67566.67026692402
2024-01-10,70016.5,67716.5,67721.68348551623
2024-01-17,72366.5,70016.5,69981.70882330698
2024-01-24,73416.5,72366.5,72324.79125616612
2024-01-31,78416.5,73416.5,73423.37852525992
2024-02-07,77966.5,78416.5,78396.23265837498
2024-02-14,78233.5,77966.5,77965.31069042432
2024-02-21,81216.5,78233.5,78240.3697401582
2024-02-28,83166.5,81216.5,81214.95537431547
2024-03-06,86366.5,83166.5,83167.39607058099
2024-03-13,91066.5,86366.5,86369.27588621665
2024-03-20,93500.0,91066.5,91063.13564488242
2024-03-27,97366.5,93500.0,93509.09970107434
2024-04-03,99816.5,97366.5,97409.67215091627
2024-04-10,104183.5,99816.5,102008.94750924995
2024-04-17,115216.5,104183.5,106771.24029314776
2024-04-24,129866.5,115216.5,120342.14675852854
2024-05-01,132916.5,129866.5,139677.96861939543
2024-05-08,99000.0,132916.5,140038.28225544823
2024-05-15,99466.5,99000.0,97668.35310503904
2024-05-22,108216.5,99466.5,99279.17637033608
2024-05-29,118966.5,108216.5,109319.32221286357
2024-06-05,122000.0,118966.5,120145.24141215748
2024-06-12,122666.5,122000.0,122257.93879374478
2024-06-19,119466.5,122666.5,122436.32819346516
2024-06-26,120966.5,119466.5,118928.77140292939
2024-07-03,121466.5,120966.5,121114.95270528251
2024-07-10,128400.0,121466.5,121737.50754978422
2024-07-17,127366.5,128400.0,129372.35303819044
2024-07-24,126216.5,127366.5,127316.06224433224
2024-07-31,123216.5,126216.5,126054.5000986054
2024-08-07,122216.5,123216.5,123090.30741811403
2024-08-14,118216.5,122216.5,122176.9380987682
2024-08-21,118266.5,118216.5,117720.81335848114
2024-08-28,120700.0,118266.5,118311.82526596848
2024-09-04,117616.5,120700.0,121049.77448114983
2024-09-11,117616.5,117616.5,117674.86223308054
2024-09-18,120116.5,117616.5,117716.09450373694
2024-10-02,121600.0,120116.5,120149.43787403218
2024-10-09,112916.5,121600.0,121616.60411470395
2024-10-16,113466.5,112916.5,112298.18711176289
2024-10-23,110866.5,113466.5,113392.665484427
2024-10-30,109216.5,110866.5,110757.10388484024
2024-11-06,107966.5,109216.5,109154.07852768587
2024-11-20,113166.5,107966.5,107937.08511773383
2024-11-27,122066.5,113166.5,113271.64354216657
2024-12-04,108466.5,122066.5,122674.93137159143
2024-12-11,123466.5,108466.5,105229.84951504637
2024-12-18,124216.5,123466.5,123450.94302890693
2025-01-06,120116.5,124216.5,124217.2163318318
2025-01-13,117141.5,120116.5,120184.53091957704
2025-01-27,123883.5,117141.5,117157.36996399926
2025-02-10,122783.2,123883.5,123885.24669033893
2025-02-17,130516.8,122783.2,122504.50373411414
2025-02-24,133366.5,130516.8,130501.09119789349
2025-03-03,128500.0,133366.5,133462.31609743452
2025-03-10,129366.5,128500.0,128470.83246115543
2025-03-17,131841.8,129366.5,129335.15838613093
2025-03-24,133233.5,131841.8,131819.57480847134
2025-03-31,132483.5,133233.5,133321.0933213538
2025-04-07,126483.5,132483.5,132432.13912280713
2025-04-14,124650.0,126483.5,126315.54824622245
2025-04-21,129350.0,124650.0,124859.42869022934
2025-04-28,130366.5,129350.0,129180.36416914625
2025-05-05,129466.5,130366.5,130295.63723861639
2025-05-12,128000.0,129466.5,129416.5604474902
2025-05-19,124116.5,128000.0,128227.57659747177
2025-05-26,122216.5,124116.5,124061.4727264695
2025-06-02,117216.5,122216.5,122194.89760469458
2025-06-09,113716.5,117216.5,117175.88643638405
2025-06-16,112216.5,113716.5,113673.92998946176
2025-06-23,95716.5,112216.5,112220.74728449261
2025-06-30,94016.5,95716.5,95292.02154320928
2025-07-07,96016.5,94016.5,94039.35344352563
2025-07-14,89866.5,96016.5,96054.6131790815
2025-07-21,93616.5,89866.5,89784.9001047218
2025-07-28,96216.5,93616.5,93557.95633888638
2025-08-04,99066.5,96216.5,96202.94982937854
2025-08-11,103616.5,99066.5,99059.7670194243
2025-08-18,117016.5,103616.5,103536.2819084895
2025-08-25,123733.5,117016.5,116961.36142244565
2025-09-01,121966.5,123733.5,123745.78879931077
2025-09-16,122166.5,121966.5,121965.80792238667
2025-09-23,112716.5,122166.5,122110.32783640342
2025-09-30,112566.5,112716.5,112664.63465720517
2025-10-22,115216.5,112566.5,112566.58437187996
2025-10-29,115166.5,115216.5,115183.00551043091
2025-11-05,118216.5,115166.5,115159.91554706745
2025-11-12,117866.5,118216.5,118234.11034385124
2025-11-19,114166.5,117866.5,117876.4134578593
2025-11-26,111616.5,114166.5,114200.89685507609
2025-12-03,104966.5,111616.5,111555.95177111628
2025-12-10,100966.5,104966.5,105010.48629543473
2025-12-17,92866.5,100966.5,100933.25107879388
2025-12-24,94716.5,92866.5,92925.02542515408
2025-12-31,97466.5,94716.5,94641.92962861732
